start_time,end_time,speaker,text
"HH:MM:SS","HH:MM:SS","Alice","Hello everyone!"
"01:00:00","01:01:20","Bob","Today we are going to discuss about overall product metrics"
"12:01:34","12:01:50","Tay","Awesome, thanks for informing about that!"
"09:15:00","09:16:30","Alice","I have some updates on the project status."
"15:30:45","15:31:15","Bob","We need to address the customer feedback from the latest release."
"18:45:20","18:45:45","Tay","Let's schedule a follow-up meeting to discuss the action items."
"10:05:30","10:06:15","Alice","Can someone take care of the meeting room reservation for next week?"
"13:20:10","13:20:30","Bob","Sure, I'll handle it."
"16:45:00","16:46:20","Tay","I have a suggestion for improving the user interface."
"09:30:15","09:30:45","Alice","Let's prioritize the bug fixes based on their impact."
"14:15:50","14:16:10","Bob","Agreed, we should address critical issues first."
"17:40:00","17:40:45","Tay","I'll share the updated project timeline with everyone."
"10:20:30","10:21:15","Alice","Is there any update on the marketing campaign?"
"12:50:10","12:50:30","Bob","We received positive feedback from the target audience."
"15:10:45","15:11:15","Tay","Let's allocate more resources to the customer support team."
"11:05:30","11:06:15","Alice","I'll send out the meeting agenda to all participants."
"13:20:10","13:20:30","Bob","Don't forget to include the discussion on upcoming features."
"16:45:00","16:46:20","Tay","We should also review the latest sales figures."
"09:30:15","09:30:45","Alice","The development team has completed the backend integration."
"14:15:50","14:16:10","Bob","Great, we can now move forward with the frontend implementation."
"17:40:00","17:40:45","Tay","Let's confirm the availability of the guest speaker for the event."
"10:20:30","10:21:15","Alice","We should prepare a demo of the new feature for the stakeholders."
"12:50:10","12:50:30","Bob","I'll coordinate with the QA team for testing the latest release."
"15:10:45","15:11:15","Tay","We need to finalize the budget for the upcoming project."
"11:05:30","11:06:15","Alice","Don't forget to follow up with the client regarding their feedback."
"13:20:10","13:20:30","Bob","I'll send out the meeting minutes to all participants."
"16:45:00","16:46:20","Tay","Let's discuss the marketing strategy for the new product launch."
"09:30:15","09:30:45","Alice","We should schedule a team-building activity for next month."
"14:15:50","14:16:10","Bob","I'll reach out to the design team for the logo redesign."
"17:40:00","17:40:45","Tay","Let's review the progress of the ongoing research project."
"10:20:30","10:21:15","Alice","We should set up a meeting with the legal department to discuss patent filing."
"12:50:10","12:50:30","Bob","I'll prepare a presentation for the upcoming conference."
"15:10:45","15:11:15","Tay","Let's create a survey to gather feedback from our customers."
"11:05:30","11:06:15","Alice","I'll share the meeting minutes from the previous meeting with the new team members."
"13:20:10","13:20:30","Bob","We need to update the project documentation with the latest changes."
"16:45:00","16:46:20","Tay","Let's organize a training session on the new software tools."
"09:30:15","09:30:45","Alice","I'll send out the meeting invitation to the external stakeholders."
"14:15:50","14:16:10","Bob","We should consider outsourcing some of the non-core tasks."
"17:40:00","17:40:45","Tay","Let's brainstorm ideas for the upcoming marketing campaign."
"10:20:30","10:21:15","Alice","We should conduct user testing sessions for the new feature."
"12:50:10","12:50:30","Bob","I'll analyze the market trends and competition for our next product."
"15:10:45","15:11:15","Tay","Let's review the performance metrics of the recent advertising campaign."
"11:05:30","11:06:15","Alice","We need to update the project roadmap with the revised milestones."
"13:20:10","13:20:30","Bob","I'll collaborate with the finance team to finalize the budget allocation."
"16:45:00","16:46:20","Tay","Let's prepare a presentation for the upcoming board meeting."
"09:30:15","09:30:45","Alice","We should conduct a competitor analysis to identify new opportunities."
"14:15:50","14:16:10","Bob","I'll coordinate with the HR department for the new employee onboarding."
"17:40:00","17:40:45","Tay","Let's review the progress of the ongoing customer satisfaction survey."
"10:20:30","10:21:15","Alice","We should update the project risk register with the latest risks."
"12:50:10","12:50:30","Bob","I'll compile the customer feedback for the product improvement."
"15:10:45","15:11:15","Tay","Let's organize a team-building event for better collaboration."
"11:05:30","11:06:15","Alice","We need to schedule a demo for the potential investors."
"13:20:10","13:20:30","Bob","I'll coordinate with the logistics team for the upcoming conference."
"16:45:00","16:46:20","Tay","Let's discuss the pricing strategy for the new service offering."
"09:30:15","09:30:45","Alice","We should update the sales forecast for the next quarter."
"14:15:50","14:16:10","Bob","I'll coordinate with the marketing team for the upcoming campaign launch."
"17:40:00","17:40:45","Tay","Let's conduct a product review meeting with the development team."
"10:20:30","10:21:15","Alice","We should allocate resources for the infrastructure upgrade project."
"12:50:10","12:50:30","Bob","I'll coordinate with the customer support team for resolving the reported issues."
"15:10:45","15:11:15","Tay","Let's schedule a meeting with the sales team to discuss the target goals."
"11:05:30","11:06:15","Alice","We need to evaluate the feasibility of integrating the third-party API."
"13:20:10","13:20:30","Bob","I'll prepare a proposal for the new partnership opportunity."
"16:45:00","16:46:20","Tay","Let's update the project timeline with the additional tasks."
"09:30:15","09:30:45","Alice","We should conduct a usability test for the new website design."
"14:15:50","14:16:10","Bob","I'll coordinate with the procurement team for the vendor selection process."
"17:40:00","17:40:45","Tay","Let's analyze the customer feedback to identify areas for improvement."
"10:20:30","10:21:15","Alice","We should create a knowledge base for the frequently asked questions."
"12:50:10","12:50:30","Bob","I'll collaborate with the marketing team to plan the product launch event."
"15:10:45","15:11:15","Tay","Let's conduct a training session on the new software features."
"11:05:30","11:06:15","Alice","We need to update the user documentation with the latest changes."
"13:20:10","13:20:30","Bob","I'll coordinate with the IT department for the server maintenance."
"16:45:00","16:46:20","Tay","Let's review the project budget and identify cost-saving opportunities."
"09:30:15","09:30:45","Alice","We should analyze the customer demographics for targeted marketing."
"14:15:50","14:16:10","Bob","I'll coordinate with the operations team for the new product rollout."
"17:40:00","17:40:45","Tay","Let's discuss the employee training program for skill development."
"10:20:30","10:21:15","Alice","We should conduct a risk assessment for the upcoming project phase."
"12:50:10","12:50:30","Bob","I'll collaborate with the legal team for contract negotiations."
"15:10:45","15:11:15","Tay","Let's organize a team-building workshop for better collaboration."
"11:05:30","11:06:15","Alice","We need to update the project schedule with the revised deadlines."
"13:20:10","13:20:30","Bob","I'll coordinate with the sales team for the upcoming client presentation."
"16:45:00","16:46:20","Tay","Let's review the progress of the ongoing marketing campaign."
"09:30:15","09:30:45","Alice","We should analyze the website traffic to optimize the conversion rate."
"14:15:50","14:16:10","Bob","I'll coordinate with the finance team for the budget review meeting."
"17:40:00","17:40:45","Tay","Let's schedule a meeting with the product management team."
"10:20:30","10:21:15","Alice","We should update the project dashboard with the latest metrics."
"12:50:10","12:50:30","Bob","I'll collaborate with the quality assurance team for the testing phase."
"15:10:45","15:11:15","Tay","Let's brainstorm ideas for the upcoming product enhancement."
"11:05:30","11:06:15","Alice","We need to conduct a user survey for feedback on the new feature."
"13:20:10","13:20:30","Bob","I'll coordinate with the marketing team for the content creation process."
"16:45:00","16:46:20","Tay","Let's review the progress of the ongoing research and development project."
"09:30:15","09:30:45","Alice","We should conduct a competitor analysis to identify market trends."
"14:15:50","14:16:10","Bob","I'll coordinate with the HR team for the recruitment process."
"17:40:00","17:40:45","Tay","Let's conduct a customer satisfaction survey to gather feedback."
"10:20:30","10:21:15","Alice","We should review the project risks and mitigation strategies."
"12:50:10","12:50:30","Bob","I'll coordinate with the design team for the product mockup."
"15:10:45","15:11:15","Tay","Let's organize a team-building event for better collaboration."
"11:05:30","11:06:15","Alice","We need to schedule a demo for the potential investors."
"13:20:10","13:20:30","Bob","I'll coordinate with the logistics team for the upcoming conference."
"16:45:00","16:46:20","Tay","Let's discuss the pricing strategy for the new service offering."
"09:30:15","09:30:45","Alice","We should update the sales forecast for the next quarter."
"14:15:50","14:16:10","Bob","I'll coordinate with the marketing team for the upcoming campaign launch."
"17:40:00","17:40:45","Tay","Let's conduct a product review meeting with the development team."
"10:20:30","10:21:15","Alice","We should allocate resources for the infrastructure upgrade project."
"12:50:10","12:50:30","Bob","I'll coordinate with the customer support team for resolving the reported issues."
"15:10:45","15:11:15","Tay","Let's schedule a meeting with the sales team to discuss the target goals."
"11:05:30","11:06:15","Alice","We need to evaluate the feasibility of integrating the third-party API."
"13:20:10","13:20:30","Bob","I'll prepare a proposal for the new partnership opportunity."
"16:45:00","16:46:20","Tay","Let's update the project timeline with the additional tasks."
"09:30:15","09:30:45","Alice","We should conduct a usability test for the new website design."
"14:15:50","14:16:10","Bob","I'll coordinate with the procurement team for the vendor selection process."
"17:40:00","17:40:45","Tay","Let's analyze the customer feedback to identify areas for improvement."
"10:20:30","10:21:15","Alice","We should create a knowledge base for the frequently asked questions."
"12:50:10","12:50:30","Bob","I'll collaborate with the marketing team to plan the product launch event."
"15:10:45","15:11:15","Tay","Let's conduct a training session on the new software features."
"11:05:30","11:06:15","Alice","We need to update the user documentation with the latest changes."
"13:20:10","13:20:30","Bob","I'll coordinate with the IT department for the server maintenance."
"16:45:00","16:46:20","Tay","Let's review the project budget and identify cost-saving opportunities."
"09:30:15","09:30:45","Alice","We should analyze the customer demographics for targeted marketing."
"14:15:50","14:16:10","Bob","I'll coordinate with the operations team for the new product rollout."
"17:40:00","17:40:45","Tay","Let's discuss the employee training program for skill development."
"10:20:30","10:21:15","Alice","We should conduct a risk assessment for the upcoming project phase."
"12:50:10","12:50:30","Bob","I'll coordinate with the legal team for contract negotiations."
"15:10:45","15:11:15","Tay","Let's organize a team-building workshop for better collaboration."
"11:05:30","11:06:15","Alice","We need to update the project schedule with the revised deadlines."
"13:20:10","13:20:30","Bob","I'll coordinate with the sales team for the upcoming client presentation."
"16:45:00","16:46:20","Tay","Let's review the progress of the ongoing marketing campaign."
"09:30:15","09:30:45","Alice","We should analyze the website traffic to optimize the conversion rate."
"14:15:50","14:16:10","Bob","I'll coordinate with the finance team for the budget review meeting."
"17:40:00","17:40:45","Tay","Let's schedule a meeting with the product management team."
"10:20:30","10:21:15","Alice","We should update the project dashboard with the latest metrics."
"12:50:10","12:50:30","Bob","I'll collaborate with the quality assurance team for the testing phase."
"15:10:45","15:11:15","Tay","Let's brainstorm ideas for the upcoming product enhancement."
"11:05:30","11:06:15","Alice","We need to conduct a user survey for feedback on the new feature."
"13:20:10","13:20:30","Bob","I'll coordinate with the marketing team for the content creation process."
"16:45:00","16:46:20","Tay","Let's review the progress of the ongoing research and development project."
"09:30:15","09:30:45","Alice","We should conduct a competitor analysis to identify market trends."
"14:15:50","14:16:10","Bob","I'll coordinate with the HR team for the recruitment process."
"17:40:00","17:40:45","Tay","Let's conduct a customer satisfaction survey to gather feedback."
"10:20:30","10:21:15","Alice","We should review the project risks and mitigation strategies."
"12:50:10","12:50:30","Bob","I'll coordinate with the design team for the product mockup."
"15:10:45","15:11:15","Tay","Let's organize a team-building event for better collaboration."
"11:05:30","11:06:15","Alice","We need to schedule a demo for the potential investors."
"13:20:10","13:20:30","Bob","I'll coordinate with the logistics team for the upcoming conference."
"16:45:00","16:46:20","Tay","Let's discuss the pricing strategy for the new service offering."
"09:30:15","09:30:45","Alice","We should update the sales forecast for the next quarter."
"14:15:50","14:16:10","Bob","I'll coordinate with the marketing team for the upcoming campaign launch."
"17:40:00","17:40:45","Tay","Let's conduct a product review meeting with the development team."
"10:20:30","10:21:15","Alice","We should allocate resources for the infrastructure upgrade project."
"12:50:10","12:50:30","Bob","I'll coordinate with the customer support team for resolving the reported issues."
"15:10:45","15:11:15","Tay","Let's schedule a meeting with the sales team to discuss the target goals."
"11:05:30","11:06:15","Alice","We need to evaluate the feasibility of integrating the third-party API."
"13:20:10","13:20:30","Bob","I'll prepare a proposal for the new partnership opportunity."
"16:45:00","16:46:20","Tay","Let's update the project timeline with the additional tasks."
"09:30:15","09:30:45","Alice","We should conduct a usability test for the new website design."
"14:15:50","14:16:10","Bob","I'll coordinate with the procurement team for the vendor selection process."
"17:40:00","17:40:45","Tay","Let's analyze the customer feedback to identify areas for improvement."
"10:20:30","10:21:15","Alice","We should create a knowledge base for the frequently asked questions."
"12:50:10","12:50:30","Bob","I'll collaborate with the marketing team to plan the product launch event."
"15:10:45","15:11:15","Tay","Let's conduct a training session on the new software features."
"11:05:30","11:06:15","Alice","We need to update the user documentation with the latest changes."
"13:20:10","13:20:30","Bob","I'll coordinate with the IT department for the server maintenance."
"16:45:00","16:46:20","Tay","Let's review the project budget and identify cost-saving opportunities."
"09:30:15","09:30:45","Alice","We should analyze the customer demographics for targeted marketing."
"14:15:50","14:16:10","Bob","I'll coordinate with the operations team for the new product rollout."
"17:40:00","17:40:45","Tay","Let's discuss the employee training program for skill development."
"10:20:30","10:21:15","Alice","We should conduct a risk assessment for the upcoming project phase."
"12:50:10","12:50:30","Bob","I'll coordinate with the legal team for contract negotiations."
"15:10:45","15:11:15","Tay","Let's organize a team-building workshop for better collaboration."
"11:05:30","11:06:15","Alice","We need to update the project schedule with the revised deadlines."
